QNO,factor1,factor2,factor3
1,87.35275394,87.30169341,34.26711714
2,76.10301142,81.40280193,40.59269341
3,73.53742826,54.99985895,42.94092362
4,33.52130272,7.341928106,29.32662354
5,84.88226862,50.38922304,80.13322136
6,76.10558309,1.703783174,5.668711595
7,49.61273835,16.71124777,51.84740685
8,89.77046124,17.19617916,56.4361133
9,31.66034984,69.16467463,16.73443997
10,59.96811465,74.616162,25.70053063
11,16.21507312,91.21940718,33.98481468
12,40.42255122,26.372399,74.99156737
13,99.25492302,98.44585383,20.30703094
14,67.07057978,30.42779896,24.13475224
15,90.69740687,38.30415914,20.44126635
16,78.01491569,50.21792523,91.72922202
17,50.750175,21.82301646,48.24185995
18,61.81345542,59.5672511,48.43005487
19,15.10983354,15.47864729,97.7952392
20,39.83008277,6.961663445,17.51107131
21,39.50088283,28.4325853,7.494890356
22,6.388993803,87.74056493,41.46785056
23,42.11749436,85.55818258,78.62237696
24,30.18738809,96.3134715,57.21320152
25,66.42316279,75.31109349,36.61095305
26,56.04839532,22.41899602,89.90584165
27,87.9094187,54.3290904,36.08630274
28,70.95000866,57.21301094,11.94546911
29,70.66218894,27.92616355,26.97971351
30,28.97026181,71.89828167,97.17656279
31,15.26025026,8.505883519,8.599915726
32,55.1004227,11.24886336,65.96598457
33,46.06818845,63.27154158,17.14202658
34,67.7670348,26.12717499,89.72129629
35,12.88576142,41.32627609,63.69274016
36,51.54649638,3.778566037,39.33147699
37,90.82524561,59.88391731,57.48142404
38,67.46543597,96.70702646,61.65389803
39,56.56289493,54.41749245,81.58993152
40,38.84398059,24.08594736,35.44071751
41,38.10923813,96.5910951,57.58716657
42,95.84946098,16.82716827,23.8772706
43,61.55861383,37.5396034,54.02743344
44,67.10459427,91.39974032,68.98619541
45,50.44614841,55.30758769,49.9662634
46,44.96217038,24.4829905,53.14574808
47,86.05473616,13.57084827,64.77622518
48,15.26555101,37.77445029,97.9440457
49,61.08489232,78.6748501,83.68184695
50,33.04929681,18.77720235,22.32607029
51,22.10171453,63.20246833,1.350560863
52,8.332791984,35.54971407,10.43379818
53,22.63634847,21.00894799,26.21479512
54,76.50082995,63.92319942,85.74108621
55,32.67599835,27.91681708,6.945108859
56,25.12077765,53.32607255,93.2144453
57,62.88137687,17.4839458,75.99425148
58,82.63709937,56.50059575,92.64718981
59,67.16791282,26.82838585,5.939296744
60,22.02447638,54.44366861,45.70076113
61,52.02995631,44.84778954,92.41876955
62,79.91875368,51.44955456,77.85289359
63,23.13975952,69.77281135,90.29979342
64,6.458698471,65.34807809,84.34522357
65,55.66163566,37.2822484,1.717143228
66,16.4013253,60.5753311,93.32440397
67,89.18847788,25.60649653,97.48496871
68,42.39127005,21.55972291,97.90330056
69,82.59475088,55.21340051,84.24721064
70,16.30014768,73.52434517,28.95001151
71,62.33808019,73.50851054,69.35380376
72,58.4542146,15.78567338,95.21599545
73,34.84989364,49.41670743,67.20052953
74,59.18502145,85.11681662,58.49826747
75,35.84484412,81.16753585,9.734962757
76,80.94219381,6.838560698,29.79495307
77,82.71502497,83.97885138,80.80846562
78,4.713462356,89.40027557,2.514284459
79,38.44592232,2.060502091,27.22384324
80,76.44548101,83.21701578,99.52219717
81,32.19337624,3.711408996,18.05070167
82,18.28407673,54.97486759,62.16611046
83,12.05420955,62.10999845,23.50277345
84,85.50363923,68.84844002,97.56713418
85,78.42538667,21.98058601,51.35955967
86,26.03895151,24.5770748,38.23994668
87,74.59489698,35.60325992,39.03260401
88,46.6525887,76.19196825,85.91773698
89,15.34268124,77.01450742,66.02909966
90,33.09859089,47.85265334,71.41077137
91,44.71528439,96.72999348,77.4311221
92,4.43449167,79.56200549,26.03288178
93,59.01890944,57.73644125,67.31658863
94,1.255647468,64.78788072,38.05649761
95,50.4340696,92.22093758,13.27196121
96,32.78983163,34.7015978,47.90745767
97,38.15436418,14.33195758,99.13561386
98,99.56211976,95.09453641,41.20243396
99,43.01777033,56.88836661,26.30227219
100,15.87384145,39.86369921,65.4064274
101,8.425863134,24.25765639,86.17202179
102,34.73922788,32.58160527,17.05091021
103,7.24245095,55.88576186,73.89423848
104,25.93656968,57.41558626,80.57937156
105,77.93862822,59.66890579,13.61316638
106,60.64976805,59.57588214,37.97177429
107,5.441349575,84.45182657,49.90709218
108,61.46749536,6.302753106,72.82778523
109,26.27388942,94.92767388,80.84080337
110,74.07957453,47.82173175,37.55348626
111,9.076072564,59.42372202,72.38895393
112,3.670501032,23.83361399,49.12631932
113,35.21667048,30.81464149,47.7460447
114,83.94500084,98.0116888,9.424179959
115,54.08788932,87.9491766,31.36510609
116,47.49965559,65.71279578,41.92927931
117,77.44061471,31.08457955,71.24880658
118,57.02841413,45.15007729,25.13598444
119,9.16058424,99.02612302,5.270392353
120,33.33398721,69.3806875,44.90282439
121,55.86694798,22.65411788,9.588321757
122,52.53872617,40.2973672,2.561314174
123,72.90082669,23.70960023,80.26067278
124,7.21496712,10.66626393,35.05272839
125,88.30071431,51.92495139,82.14335525
126,51.35161898,32.53181121,79.40426007
127,43.39293513,12.81145931,27.03488828
128,30.3848538,18.11606983,87.27232087
129,55.11732306,9.255769927,55.53114185
130,37.11098848,6.511637574,78.73508746
131,46.82963662,22.84197615,37.79455162
132,6.010578278,22.65224899,24.74837869
133,75.14847165,65.73756946,59.0699347
134,70.50661219,19.42763965,19.60394734
135,19.09777301,96.90382751,91.9171819
136,93.02383093,37.21494849,98.68872204
137,17.04439227,23.0852621,4.859108577
138,11.0309731,88.36999204,78.23756654
139,82.29588939,9.552028611,80.39023727
140,71.44432198,54.46556516,99.36457151
141,18.53671241,93.34907876,80.57234933
142,9.197781417,9.117483277,56.96474132
143,11.31793023,15.16984863,51.28459197
144,68.52839937,29.75109504,55.33903104
145,28.3867628,97.1974649,53.73018638
146,8.325579497,9.515442335,58.28359569
147,30.46991531,72.18673645,38.47303834
148,4.806856809,60.14048729,14.93993749
149,92.97514775,61.73488959,22.45710693
150,40.9971876,11.9718075,20.55527161
151,65.41288432,5.513144507,49.06558986
152,27.99045716,50.30852625,35.25143586
153,68.14699266,24.24007238,15.78444443
154,86.48071665,96.16977046,81.14254907
155,20.87693458,68.80225537,79.38548826
156,91.17680881,7.794819168,67.76699499
157,42.96796505,25.5709819,59.42792472
158,71.9811841,75.34576307,23.1474269
159,87.87165334,67.71871328,98.57933441
160,85.71539564,90.23490626,62.88891734
161,40.16721367,90.8971716,27.95570501
162,39.79209372,58.03189698,52.27778058
163,64.22367978,39.60542975,77.30729986
164,50.25951327,7.92306214,37.28101396
165,17.60662866,91.77642703,26.77683792
166,1.735110862,72.01825459,91.83388781
167,71.05100487,97.76259735,90.0678294
168,22.79789011,80.39850228,26.76056955
169,97.6943501,16.48528654,60.71069056
170,74.12626363,42.49462329,10.05668483
171,23.39027367,71.97437045,59.23858199
172,56.56903752,8.260052823,20.44966106
173,99.6501542,39.10239088,4.497427383
174,82.58776936,16.10002246,57.53285919
175,11.03178202,34.93157784,22.28440416
176,17.05288423,34.31419123,65.63447164
177,1.874631645,25.92447605,28.93063196
178,85.42890655,86.59661154,91.1301488
179,31.78802569,21.15419657,69.31015065
180,92.04276992,31.80163918,41.47628699
181,43.06802095,16.1782178,80.72378891
182,66.83485161,26.36893455,96.98840668
183,43.97704446,36.23914066,38.20743663
184,33.25382903,8.527416609,88.31069183
185,46.89914318,35.8247191,62.65906105
186,40.21886445,3.52224783,18.77813106
187,35.77126323,43.00922261,21.19259453
188,88.16081368,1.154098142,42.5305917
189,65.05752362,40.42203416,21.83755007
190,53.80057945,85.37846252,40.58158636
191,22.15888402,49.62214001,94.18679857
192,67.86038645,9.563172846,23.36798447
193,64.50347947,88.82890156,23.25386479
194,41.98108121,66.14005701,49.49808093
195,72.0133752,19.08769833,34.10999476
196,26.76767762,12.08925757,39.58113944
197,43.52087789,49.96826425,22.67005508
198,1.993321355,39.97703508,45.71257691
199,74.82912302,52.17361171,46.35165015
200,84.83756656,69.26827967,38.71488715
201,10.59390489,29.08957171,17.02327215
202,68.1323985,2.02485525,79.61903491
203,61.33538917,8.487688702,96.09730601
204,49.39583069,99.41555722,32.03251959
205,55.82239569,99.95085294,51.68285766
206,88.51865733,20.00783091,97.78460677
207,40.47099014,3.462967423,76.66813889
208,67.91398202,49.00794788,45.13250969
209,93.41427573,85.20408761,37.05558351
210,43.35316151,40.51321895,7.122758486
211,34.78472249,23.69656862,48.14605421
212,2.577849651,27.06068248,71.21510073
213,43.99520975,27.52729426,84.90699474
214,38.81145426,59.18441055,61.32216536
215,57.07069236,71.23268439,63.94597125
216,39.87824872,66.12135055,87.02102627
217,26.16030214,45.13269356,87.42065318
218,67.99352773,39.49402776,64.86333434
219,72.70382013,27.20040754,93.20743448
220,12.20726866,84.4929983,42.6033328
221,95.60277662,21.800456,60.26668006
222,9.455773486,92.67903027,44.22900622
223,33.96440976,48.65423679,65.85711723
224,90.75558492,27.91040356,32.40811628
225,46.15725384,33.58199892,86.96950656
226,7.883469814,6.291671176,31.08914341
227,81.80362805,66.66777853,34.90897688
228,9.369006205,15.01819893,97.33130346
229,4.34711349,93.23939895,45.70659966
230,91.44198522,44.02974232,71.60660455
231,9.226783728,27.86847347,85.96288722
232,46.25183095,33.09552991,91.80204389
233,40.65243681,23.10164086,16.22394801
234,75.1834434,81.28618411,97.91850311
235,68.75977418,66.52223235,89.65404433
236,96.08210448,58.11205813,95.06664332
237,83.2355779,79.77047543,83.05668437
238,1.097816571,54.91681115,22.1579778
239,60.8939218,77.05377834,78.32901643
240,75.61502037,46.28326446,12.93842251
241,66.22907736,7.192496161,43.06680604
242,64.15835078,21.0498894,31.67642646
243,18.88966425,99.8521517,98.48873962
244,23.93237647,88.56797656,12.66974193
245,44.56952447,45.98604989,8.165854885
246,54.7724075,35.6379845,98.48799857
247,87.70307614,27.05279315,33.34859976
248,1.349320506,5.473367087,59.8177068
249,5.454371205,23.24338754,9.454515934
250,5.224812199,4.792536921,24.80852279
251,19.20684534,83.33108066,33.48741493
252,78.49086489,92.7590295,1.160186516
253,18.3303655,90.70050639,89.15636231
254,20.58880009,55.09929722,68.38161548
255,43.05702161,70.55358138,98.01011544
256,91.38610493,58.159626,3.803246844
257,11.65930066,32.20340655,44.46264692
258,61.583736,67.05911067,55.16614412
259,37.54845098,53.43271706,47.29021955
260,89.19223527,89.61023854,52.86545127
261,51.52356513,32.75854903,92.79101774
262,79.63065656,16.56087505,39.01884367
263,20.09352421,94.09846996,96.85039889
264,1.867672733,74.77959237,13.08658068
265,64.33830709,70.73952393,26.30605593
266,99.66780888,97.4471242,18.10795647
267,88.85756568,42.39665099,43.38344721
268,64.02991958,14.30166176,58.79105645
269,68.39426566,94.41425403,2.119970795
270,62.80532532,38.35671533,41.36878542
271,9.657873555,65.1361632,72.90571908
272,74.02371438,50.74189644,48.16165853
273,84.78380869,81.50701538,92.82572682
274,79.15515831,36.92181553,53.78109578
275,52.08307348,32.51900632,81.89463977
276,39.23241363,39.31784144,70.46936968
277,30.24803741,64.97865992,33.41873563
278,39.9006317,7.867793534,57.60977894
279,7.889382037,9.685821042,18.56815155
280,93.29717021,99.39998847,22.68367293
281,5.932279262,39.78346591,70.23805519
282,83.77312313,22.24992223,23.26336573
283,83.97337898,65.59942581,22.31927308
284,54.67641095,21.66270185,55.64598485
285,76.86491779,14.41275939,97.95594704
286,24.48125156,28.0627682,62.50873552
287,83.04444564,67.78479226,87.69463128
288,35.71845077,39.4760102,80.29159313
289,85.25911892,17.80912473,43.06410656
290,39.05812493,71.02955704,6.657877408
291,94.85683125,52.76989574,91.65717971
292,94.99691319,26.08827179,74.72215142
293,93.20787063,85.45157507,44.24982469
294,56.31564399,96.58809147,15.14311695
295,43.44153228,8.150109362,97.89490472
296,21.60554479,21.27581209,60.16350134
297,81.73400424,96.49818344,19.28294033
298,31.68596428,31.21014031,48.73355108
299,42.12660233,30.73199265,93.94029619
300,32.94704217,77.08432741,78.06696865
301,54.66884637,49.58358003,89.14080813
302,80.07153783,41.21732075,79.52823372
303,36.56384158,25.63764537,61.97064042
304,73.65066255,80.3207215,16.91167866
305,45.46228683,6.732853871,78.42056832
306,80.20566253,72.70905527,10.16016431
307,84.66125472,35.54668404,61.96946433
308,94.69771677,55.69431383,81.26469572
309,66.54416223,40.66372197,37.24841897
310,97.62364339,88.56843067,95.44498424
311,70.87668287,66.31689183,18.52904957
312,35.19719788,56.32470398,65.7204066
313,33.53811268,64.42382348,41.80931312
314,24.53796051,7.185087563,72.99464188
315,12.48791065,89.22463735,46.6264942
316,8.533286836,12.61011656,49.66350958
317,96.00330716,29.04772924,23.15044339
318,79.8183172,21.88864564,83.73180255
319,31.08543368,13.26616768,64.80587345
320,48.22586668,29.07205498,82.62990998
321,65.12716898,87.13343973,8.220378484
322,10.73751299,63.573549,94.23875559
323,55.81952969,2.076767074,6.347126926
324,69.33658364,3.790596876,59.37149876
325,45.8297945,44.93387596,15.23942396
326,5.685589852,8.197177202,55.65714377
327,6.231840975,43.29904055,18.24278577
328,14.05918158,68.79706752,47.59836187
329,53.17519756,98.31595868,79.96130481
330,8.241859066,84.20325709,60.66630572
331,81.77584472,65.54833089,44.32877185
332,24.22056727,87.16699333,62.34169504
333,68.24209629,50.12329374,22.41704369
334,83.12835969,60.9376587,87.16379359
335,95.02293434,89.41846986,23.3210352
336,60.3786412,30.9238278,65.69795286
337,31.52537413,72.58460538,26.01103184
338,74.53355863,33.66580973,54.2440942
339,92.83085451,83.40540418,95.74657783
340,89.64019803,66.26339777,32.82525772
341,28.98749077,2.739833762,4.93603788
342,42.80849631,32.92532775,75.68759147
343,52.07053392,8.52058233,15.71219145
344,43.76109925,89.447251,66.64123561
345,82.87398386,7.096959489,25.53660414
346,39.75578813,12.58880417,99.00493118
347,68.65078491,57.68822267,18.67787225
348,95.57533944,1.895072915,30.56659327
349,16.92879982,36.2597741,24.67471967
350,14.12891404,18.98804443,9.738751201
351,1.582774703,61.17287047,39.39877145
352,59.02740451,42.86207949,68.99456962
353,25.04843493,44.77288813,63.62246007
354,54.73401878,37.76847768,66.27784114
355,76.58387129,56.16447858,78.8839074
356,13.40381577,56.1444858,58.39249223
357,50.05812879,78.78320098,69.90276499
358,13.88795718,77.77307342,13.56727737
359,54.9647924,3.646366976,25.64909046
360,71.83008666,30.38554189,58.6087406
361,91.74259434,99.60106495,20.80079412
362,75.19742719,21.37045154,32.70539473
363,80.76258118,61.86135173,36.56628615
364,59.25969285,5.833969531,17.48415274
365,10.88354002,30.87289137,21.88298386
366,32.99000138,27.31193436,83.57423136
367,55.52147839,38.77866883,24.32339921
368,68.28385082,1.415276192,57.25298942
369,40.31108951,66.62031165,81.84076008
370,94.56282934,28.78396263,62.80095954
371,40.47335295,21.90519995,85.57064213
372,41.95140055,16.67451547,77.44931532
373,22.18441312,70.38862985,23.69839608
374,89.77991774,57.40732593,81.22002791
375,76.01512492,47.55173547,90.62936714
376,41.90904266,56.98279977,25.34730928
377,23.53701965,38.88556985,69.18371917
378,85.79013107,30.82671774,17.55586395
379,28.53809869,51.60762606,36.73068892
380,98.94318698,57.14444991,19.709441
381,52.50588272,29.13980374,11.9954295
382,59.51576559,54.05161652,67.53470967
383,16.76570826,14.23457678,54.4290431
384,20.55296061,53.26950716,56.98186236
385,22.0269478,71.14864091,29.45326424
386,97.80854285,85.29219697,95.94948712
387,62.54765068,47.32800508,12.4845103
388,44.29932087,55.60741367,11.87488113
389,4.901903019,24.84648708,96.66853158
390,93.96005118,79.74556776,60.16176702
391,76.68923315,79.91863557,91.15583436
392,34.99272206,47.64551064,19.37838511
393,44.63529607,85.38838587,90.75906255
394,88.05705344,76.95497556,63.50725171
395,8.371132083,52.47406789,26.57295692
396,95.68395053,49.89237574,93.21513012
397,96.67935348,23.97425801,64.39101657
398,80.86817626,32.59168253,58.22764343
399,52.0581452,12.63031633,88.77803855
400,98.36818922,29.75590441,89.32355997
401,64.55242998,96.15772144,66.52021361
402,13.3143287,48.44655319,19.43714478
403,69.81078884,86.35804208,31.8076034
404,75.88286,81.28100157,11.29708143
405,50.31635176,82.16230165,87.01564806
406,26.0967138,73.85069894,43.29527975
407,56.49791948,16.41953351,32.62611831
408,38.31535014,80.66886121,73.35505981
409,78.25610298,40.2800523,35.86043048
410,4.529773131,48.59313973,36.02034839
411,79.77539995,94.64245432,46.80322682
412,19.13039324,25.09306624,36.0640376
413,86.08755386,31.18361306,67.33017402
414,19.93800154,92.65110572,28.08157116
415,72.15697652,39.35363405,93.23447597
416,80.43220568,89.75776817,69.67808779
417,75.95161417,15.30039729,43.16128065
418,19.93822183,33.96257151,57.96879611
419,47.57301904,23.92084206,42.27119645
420,63.11515257,49.92562653,24.70921326
421,98.25657992,95.33390634,94.61747508
422,66.81329182,71.66729936,25.73718389
423,10.94547208,43.36696637,67.53582639
424,14.3537374,56.08037821,93.29094474
425,11.65478694,28.70853807,66.97731639
426,54.27744324,75.58908616,71.12158197
427,75.2988543,71.87872217,47.70819838
428,37.79644974,14.11476918,70.71412522
429,84.67408345,61.17034583,86.6553525
430,44.49607886,19.21291958,43.04537649
431,9.606284597,9.694707737,96.4512645
432,15.86464662,30.54200808,83.01683759
433,14.0277338,74.13361361,50.26929927
434,16.02015327,9.967507552,23.43657857
435,80.49125487,55.71928256,46.73513187
436,13.71717922,78.32364054,71.92840955
437,98.82461435,45.96601963,3.231791719
438,73.5980015,41.23021906,3.774074722
439,24.19623434,4.724655711,87.07819579
440,57.07118624,11.32438021,69.16171623
441,43.49977312,17.33782089,10.0471037
442,37.52268744,35.99532699,68.25223463
443,90.22438156,92.53721184,59.57605382
444,55.77950351,72.82366652,65.61717288
445,7.644176786,27.97252253,89.39692446
446,45.1860528,42.63279621,1.997063169
447,7.272764175,45.34760428,52.6469017
448,61.4735513,40.14920615,35.11628441
449,2.173060001,12.03338466,64.00017962
450,65.65107011,86.49323336,64.96458704
451,91.57844396,40.73371832,46.61346999
452,97.31259314,20.83935592,19.38949613
453,61.90753144,96.50741386,66.63519546
454,95.37732023,99.11898913,13.39742527
455,4.889524698,23.19081032,39.5583011
456,94.13055185,23.87726138,42.91422587
457,14.87849225,59.92640896,82.0398071
458,21.19555166,59.30337083,56.43459348
459,34.04468672,36.35786185,54.45287896
460,30.72592728,22.5460741,76.97526975
461,70.26567294,82.76969716,8.252097288
462,39.89248604,64.56176821,49.6173469
463,5.405396973,70.77668604,60.23102128
464,34.80066127,76.81514745,83.87001138
465,64.49760871,15.85809906,57.31556613
466,25.21715671,23.0005214,79.99609181
467,41.47448073,5.2183674,40.52763846
468,62.14971335,1.481887933,64.32876091
469,44.55051545,91.6782314,88.04571614
470,94.01966391,97.53568651,19.90952971
471,9.730931663,49.88261533,54.49672283
472,23.13609216,1.261841758,34.30378455
473,8.109880089,51.6046316,18.623797
474,22.89070308,3.660393597,64.49077337
475,37.88266169,58.83351588,56.3163733
476,19.7614692,28.14104542,85.01302473
477,69.07922686,6.5513425,38.22060573
478,91.18540661,64.3319219,97.94615627
479,59.67195455,55.56983487,26.08370469
480,41.13583709,17.80026669,65.04756394
481,11.31765047,38.72381794,57.62992005
482,65.84352707,93.46893728,46.71141608
483,86.14949424,50.65179927,8.674285115
484,96.27251688,43.34663387,97.78695462
485,9.268443983,70.81574946,7.893519001
486,41.20530563,82.40456536,35.34137036
487,39.26885098,83.97731674,87.63850142
488,75.4756534,88.95569797,14.86351759
489,98.02818887,14.28222269,76.69278835
490,55.141986,69.25716987,55.82064195
491,73.05595518,10.63766871,7.414661459
492,72.28680878,79.98300225,10.27162653
493,3.365223575,56.67617775,90.97481479
494,37.30143476,35.92443194,68.74566334
495,91.96908241,83.13469295,25.7121437
496,48.0039693,48.82148756,35.91154052
497,88.86827424,87.61834616,35.40327849
498,85.98770094,3.706183255,12.7547768
499,9.357034121,21.08089342,40.75351515
500,90.47299424,33.83952099,63.81545816
501,98.00119458,89.5021441,48.75530612
502,99.99147856,2.196156174,3.13321887
503,75.5795922,2.247576128,41.43770021
504,94.25767636,24.3450709,22.59449257
505,17.7827557,72.52889439,47.9588767
506,67.12695217,14.48706503,38.22840164
507,58.80273051,54.77674926,6.007288433
508,10.70239713,68.33676597,25.28061396
509,38.93250865,70.31130528,23.20856753
510,44.83660146,12.93342103,97.77547162
511,64.14112087,33.58392562,99.49352948
512,18.13777789,83.18504033,10.49016409
513,75.49845607,77.17301199,8.533064793
514,3.41781538,38.81592649,90.06920467
515,91.95465792,26.27759171,39.5587628
516,16.60018333,71.50770761,39.16590776
517,45.82884713,56.06882885,15.36184233
518,88.52899578,31.04919198,4.251044426
519,80.11425775,84.38692778,55.63905357
520,61.67173536,8.516480726,28.34794692
521,93.68347049,14.6792718,36.82644247
522,2.252257792,35.0248563,37.3440629
523,37.36408869,48.09490733,51.01366874
524,85.50540216,65.06081328,84.36399036
525,20.98674029,3.533549636,55.81209894
526,46.20120236,41.76160317,46.23102507
527,40.57181937,78.64120527,57.53666621
528,85.22452148,97.69266455,12.31274893
529,48.61013178,82.44090212,15.60662977
530,26.7108802,17.05524254,11.67763904
531,90.07004665,75.94085812,25.67481214
532,13.32822677,24.56671664,34.52955141
533,83.28107309,98.613156,75.35811583
534,5.478482418,48.52417009,49.31812209
535,92.66453693,84.61891972,13.99331991
536,32.78691909,44.67733603,89.16287536
537,43.82366731,29.54786023,51.44290333
538,12.53735836,41.3120322,15.67362396
539,36.76602905,3.185246037,32.67846689
540,4.469397008,58.42094495,22.75593671
541,5.96240216,63.0386429,92.02042413
542,39.91370365,36.13522983,63.45843412
543,33.42259062,67.32046098,7.152578781
544,1.660409918,2.687919588,44.41111646
545,96.63547374,43.39421117,74.94987162
546,49.75744986,96.32074156,67.063434
547,19.576581,26.08806448,78.80558773
548,8.200150244,16.26181185,48.31200981
549,26.71890616,78.21118638,37.68862231
550,63.23432182,68.87241514,93.59001262
551,84.15679086,8.506716508,67.87973477
552,19.51565038,52.6894625,87.36862629
553,92.56277769,18.72955904,29.73294612
554,8.914773252,53.54741945,80.41337376
555,92.62708876,99.09453931,44.33216176
556,46.44494099,5.284953716,85.63371145
557,23.00706331,85.24996387,2.104228154
558,12.86767846,85.08265472,14.97959421
559,59.86051694,35.5574902,14.85499429
560,82.61469325,78.46896477,3.612602187
561,77.59881001,55.68982132,46.87745763
562,54.85829391,50.2051261,26.51032639
563,85.64265729,81.01159652,98.84526837
564,1.26030191,9.17687716,43.12346499
565,34.81186267,83.38714928,64.52229293
566,45.84450304,81.17270286,82.52298036
567,3.823585771,63.6319587,7.936974085
568,75.72839665,15.70472149,70.09576165
569,22.43176147,87.75783605,47.48784011
570,45.80032009,87.22059444,65.50041314
571,20.9772675,86.4035839,90.82747078
572,52.78853623,71.46113775,7.910356321
573,4.076187981,18.81572424,90.93525003
574,88.81260963,92.42468724,33.53804576
575,90.05289315,98.67880209,60.8302882
576,5.345827908,60.63455027,15.01057735
577,89.75516614,33.30733325,15.02524626
578,67.22922933,38.74290199,50.86949276
579,3.945004675,18.97220212,72.76911208
580,82.5207464,70.07396606,5.276455187
581,84.1524225,19.84898873,87.5415939
582,7.40763017,10.18368774,90.95703562
583,42.13450741,64.38152324,11.29929414
584,93.54448255,79.15497006,86.67677235
585,42.87628452,37.35057095,16.24927614
586,71.56708121,35.69410465,78.35193959
587,57.43674282,17.96387649,82.97066426
588,75.32618568,79.13440158,89.92864946
589,2.70307454,81.84004654,38.5335086
590,75.44435183,59.44622048,77.40959862
591,1.237659089,93.42167921,66.68925955
592,86.0899024,5.9451672,57.9929439
593,81.28222051,13.6323335,67.88286344
594,32.28565393,7.70721959,97.84206782
595,22.14107147,10.70656761,51.56880024
596,17.7130615,98.79667753,1.825904788
597,36.88320153,88.47343515,94.4765904
598,4.810223872,46.68652934,83.47071375
599,34.20828326,80.20453571,85.16216795
600,18.30601673,81.86940461,96.02003962
601,17.70392817,21.88031955,67.27040292
602,64.46484465,82.84414192,1.594792426
603,65.73349037,6.539754825,82.65337069
604,21.03034455,54.96749868,65.1111771
605,4.915581604,35.92611196,44.85945547
606,4.206374249,21.74220799,83.91468389
607,36.40962293,91.68371871,95.57972793
608,29.23012237,78.49816817,70.71697441
609,28.21220096,64.14813148,27.37215635
610,77.11929475,12.63992731,4.849538328
611,65.00534741,65.87389218,20.03719488
612,58.20746994,67.69926704,52.30434862
613,62.74146559,36.50370764,59.80740623
614,61.42998636,95.95720148,37.23603826
615,45.53297993,80.5945814,18.8021536
616,87.3406608,2.300585028,3.327420731
617,76.07790011,38.39845124,47.24155525
618,74.5808752,89.30498925,95.77546088
619,38.01604685,22.53788359,91.42973891
620,94.82949614,36.68093852,4.090358204
621,2.147314573,47.24762719,57.96592525
622,46.09302989,16.37936269,65.90217472
623,33.77687931,18.61161827,51.46072063
624,71.19572219,67.05334851,11.41504245
625,96.95183458,31.57124617,68.92457102
626,38.19029799,5.238784213,12.81495151
627,27.25725255,60.40726434,18.37846534
628,23.35292699,39.95140104,20.59354348
629,35.19854708,35.68097609,61.51141389
630,43.9598228,22.72071977,84.42362097
631,6.011496253,22.31590597,37.40475709
632,73.18482503,92.42802574,38.20134546
633,88.06227072,43.49521969,12.46550216
634,72.9216775,72.07493424,23.03521629
635,29.26506065,42.20462823,19.64735909
636,76.2246768,27.613875,52.81250914
637,38.64929075,45.36640906,71.17716014
638,40.26211141,45.22389746,72.3478517
639,27.6764388,40.9786648,10.30513315
640,47.61989605,88.55500356,13.88889436
641,76.63655675,84.70010064,45.86771905
642,79.46711236,65.8442925,61.17814169
643,48.49041876,20.09546891,73.38448039
644,82.16379265,92.85919069,47.01690594
645,3.385325523,21.97818937,47.4944584
646,39.24020608,69.45953465,46.97449231
647,91.20659268,39.97644514,54.61804626
648,34.1731521,89.52087847,67.91845423
649,82.73778722,83.57785276,77.79120877
650,32.4705736,32.13508448,77.83900078
651,83.59952,26.77099943,90.0071566
652,4.453477779,47.92476171,2.914390531
653,46.10164137,93.23155244,76.35175021
654,45.50650958,6.912823112,52.0880087
655,80.94065837,49.71693467,57.50889423
656,93.94471337,86.75206624,93.51740411
657,83.52089102,75.47602603,28.64473749
658,92.87156977,17.09131999,96.54184157
659,36.34706568,8.193770977,51.02912909
660,62.4605792,62.52452883,42.23273962
661,97.16913008,70.89045377,37.68244752
662,57.05679201,76.68671837,28.81527658
663,1.585460931,19.67516129,52.00347865
664,98.95120176,32.57572702,4.950255471
665,30.58679904,63.80139834,75.08149191
666,92.39424148,30.30363296,77.79289496
667,84.36723254,97.36726138,1.835976265
668,31.26620774,4.149391259,64.83171005
669,94.3381925,17.71921248,94.06924132
670,81.55131037,19.43157211,49.84720452
671,86.83008104,34.52207326,60.78511843
672,65.52620036,93.35101577,87.4442089
673,12.96884728,35.05345897,85.23866151
674,46.16368578,99.34612466,70.01119133
675,52.16517203,21.94729295,4.346059956
676,13.10050788,23.80506014,38.02500179
677,94.47736431,20.39141123,21.12548762
678,79.88087678,27.12520589,78.00903774
679,26.97406307,18.84538736,3.385379875
680,29.7159326,30.99310025,10.93734853
681,91.91083057,8.127141141,87.5601268
682,92.70794451,93.7096346,17.07084737
683,82.56575261,88.84305505,5.020003081
684,16.9624172,89.88726376,52.78922594
685,33.35593562,62.27187715,54.69030058
686,42.24002767,49.50596759,83.68791451
687,81.59977874,60.00923562,7.467506679
688,32.62097025,29.07255443,54.64386704
689,2.987963235,41.35695521,36.62570721
690,1.19321402,50.85795909,9.22066532
691,93.16866083,99.57030902,53.507932
692,91.8073158,94.78703677,57.19716533
693,86.17257564,92.95068083,34.71025941
694,57.66271217,97.75004993,75.36589734
695,87.42212334,81.426765,86.01091089
696,16.52438517,48.85593477,7.591452718
697,65.85476092,1.311421197,33.69519702
698,65.1734544,67.61131226,2.230238572
699,44.64779582,61.19038731,75.39865087
700,4.1873493,8.840740603,61.09788355
701,98.89296027,36.78265318,48.92680924
702,87.75080435,23.66536572,66.46675392
703,71.07392593,33.36357271,6.515760569
704,42.11477938,68.59121139,56.36635691
705,60.78086022,52.44226997,5.08113781
706,79.48023313,4.225165514,41.02368954
707,24.59830189,30.06957662,16.60188391
708,63.68913114,71.59879944,60.34320532
709,89.09845106,15.75316985,95.75253103
710,63.15412224,16.21160397,12.74521799
711,25.54830308,26.70847171,37.75580968
712,10.20449307,78.49452635,88.75789624
713,64.94591358,2.585672831,17.2708666
714,92.40952298,62.31353641,87.25095699
715,19.1078982,6.247202296,63.50502886
716,21.18916668,38.75524539,88.00143076
717,77.93305359,72.31484421,70.26868803
718,16.20197044,37.23347648,96.23276772
719,10.86541131,6.007340596,76.14296838
720,77.25637814,34.14708623,10.07470234
721,12.55168415,11.39875765,30.54094242
722,85.10962031,88.31215884,82.55902376
723,36.93713495,50.63409801,13.19650056
724,34.23620095,12.48319224,84.74105528
725,15.29657635,96.27989238,39.04386673
726,68.15920728,38.64801031,42.48245991
727,98.37652283,84.30588565,56.29653399
728,83.3382293,28.37317876,7.111972313
729,55.43246979,59.96329229,80.78032511
730,17.51012683,56.17141002,90.02948882
731,68.79591358,25.20429851,87.95764359
732,33.25018038,48.57070042,32.30754615
733,9.610006725,55.97079973,77.05481122
734,87.92676262,79.68581482,91.27527351
735,33.24374245,9.993989413,92.20485557
736,62.11480002,3.682354984,76.46197739
737,40.64671721,27.38391169,64.99740471
738,80.65594414,22.73984732,8.801721191
739,35.52327211,99.89306015,47.24019854
740,39.99428362,65.61468103,70.4030436
741,76.5333305,75.64668279,77.29044426
742,73.61460212,82.8875625,4.106084802
743,25.92758163,88.90026448,42.36162554
744,9.168418738,19.81277169,31.60329708
745,98.58718444,91.42555997,46.76600157
746,69.57955395,6.003617914,66.60135315
747,34.34092277,2.088470715,80.23658093
748,20.45429623,76.57667619,76.1836393
749,51.33196917,95.85898637,88.17725608
750,73.14726559,48.68903391,59.07817587
751,31.48739723,3.64809496,17.60424451
752,8.930027297,11.86840526,70.33143756
753,73.63779799,81.33076294,66.00376868
754,27.36566854,77.36039381,77.62611225
755,15.05379257,18.59856119,8.657750238
756,93.31437223,36.88986417,57.036679
757,59.36628665,9.234153556,68.17079223
758,35.79795858,54.88679769,24.67591657
759,39.84016833,81.39831884,36.896619
760,20.47500223,28.6270486,13.97877513
761,94.84214958,77.52617352,75.9003011
762,65.71344047,8.286889172,78.95665129
763,71.33601186,91.07643684,6.800410741
764,40.13003133,57.51250889,37.9443168
765,2.286541557,51.24507191,71.28323169
766,16.23821283,77.38600426,32.72556426
767,66.29096747,83.79468139,16.33626791
768,91.54206403,49.15861094,72.53815667
769,30.00364866,90.50800012,41.51462026
770,1.118487675,93.60429397,90.61224015
771,7.452101747,41.84769409,19.27693139
772,41.23681719,69.37145395,43.6358907
773,10.47935113,57.5677323,81.93017321
774,9.849257479,73.30005338,58.65284512
775,55.46687951,74.63025733,17.15717411
776,18.22898981,4.483311351,1.111780541
777,2.657043315,86.95205633,20.04103945
778,51.85296309,3.473030049,20.60174023
779,67.46134859,69.02735063,35.08582187
780,93.58429819,40.44353164,63.93152136
781,15.74092294,81.58902286,8.485974064
782,91.21316958,75.85297171,51.96852023
783,40.74339128,49.04476738,37.3256619
784,22.20081143,11.55588747,41.4909639
785,91.1545311,5.704327248,74.66309495
786,86.64426398,12.26823593,8.546738353
787,53.18476597,22.10359492,48.88441417
788,22.30934811,46.70259706,63.32925398
789,36.37466534,62.84126681,31.85816847
790,50.49054131,62.21032049,2.237250246
791,51.53570181,5.666484504,84.61084128
792,51.62020632,10.9091489,44.61406413
793,2.630449754,79.56801483,60.92993892
794,42.93199933,48.7232378,63.61557835
795,18.70869687,72.60085837,19.47492405
796,7.209052291,19.73119752,35.73180941
797,13.62395244,48.2230174,1.978062585
798,14.4668851,36.60675869,40.44429299
799,67.37359815,70.83203832,50.29529542
800,59.61558991,80.50601283,34.67566769
801,86.32158385,60.81075891,16.32508054
802,92.05216626,75.86656667,25.89410421
803,56.44360423,28.46449595,14.35943113
804,53.34842067,26.74062874,49.34354096
805,78.47402259,61.89382543,5.020679652
806,90.41589798,42.66156756,97.85097466
807,40.65951443,4.400990876,51.7476226
808,50.41433081,45.71122781,14.82240891
809,53.78499092,1.477961233,27.07337011
810,14.37405641,60.02875437,12.94838957
811,9.211471826,29.99513976,65.91403974
812,58.42188104,45.63060894,59.73747998
813,40.03918326,11.99552935,13.74080901
814,17.85476288,71.87210043,99.88166333
815,68.57989076,90.54285634,84.43628829
816,29.1348709,45.640733,79.46707117
817,56.50846697,63.76218992,66.43124084
818,77.15692262,60.3517863,36.26481182
819,95.51664988,66.03977206,65.8096063
820,49.71963503,88.06789904,29.27447238
821,18.42862482,95.13687349,40.12413126
822,10.36954109,37.08796517,69.8627594
823,52.19706258,21.78789586,67.43157225
824,58.8210726,58.15422978,21.85428551
825,15.66626434,28.88128765,52.58054574
826,24.74141427,95.17167976,75.58466247
827,55.11732465,62.18351599,39.47192432
828,19.36112887,58.40535207,86.63437939
829,72.55596876,36.91770791,5.884738615
830,32.96062268,60.22265843,94.93255975
831,79.65867887,28.99883278,33.5439809
832,31.71877262,11.09585768,80.44515867
833,71.40961008,6.745034075,41.03401222
834,51.16718489,59.78604177,71.69831873
835,96.15394378,89.32145375,44.79598384
836,35.18279987,11.59929339,7.462948242
837,74.63567006,31.39346301,79.39979083
838,82.45271232,4.608433644,6.279045825
839,87.18535856,30.92546292,17.1375127
840,57.11962831,92.43633268,95.98944795
841,7.846249103,24.10851128,30.24387412
842,76.69685983,56.6222716,14.21183742
843,31.23121,41.92628412,29.05530117
844,59.95874563,8.369259344,14.61363312
845,34.7435383,76.68881027,76.38598386
846,5.355196768,5.91669546,25.01844952
847,2.691634732,88.15928107,56.29294996
848,36.7010781,81.97497258,44.22392533
849,63.91491938,53.67622551,88.45559249
850,30.89605969,87.813335,59.53025803
851,75.15750656,90.86711619,82.26438942
852,5.384451295,57.94740586,52.26199716
853,36.14776448,13.81646054,20.99861021
854,4.20455925,45.44280841,5.661709994
855,75.38290437,23.57141145,73.41669136
856,74.27272486,64.56319972,57.98648135
857,41.28753535,34.16854849,6.249672013
858,2.127909296,55.21328208,95.62321003
859,61.0786254,63.79056317,10.01678706
860,13.89070666,25.15559191,67.70781001
861,87.75663136,49.32797961,2.2773763
862,9.278592102,91.29284488,62.4793662
863,30.6917539,75.36182072,17.5183796
864,61.27774931,31.50537365,48.23828728
865,19.7555987,58.98926695,87.96321603
866,42.83817024,51.79791599,77.46959358
867,32.75270844,37.33375474,1.719808757
868,12.78407448,43.94613004,11.73029269
869,20.06183966,83.5564771,20.91033261
870,96.08225769,30.58867408,87.28940722
871,24.84541792,47.96853224,2.665422721
872,97.26950322,1.714791735,41.47752193
873,21.10886538,60.31351118,85.77111011
874,15.28057587,63.68721346,60.55588554
875,99.9109702,70.74524559,8.145194499
876,46.1393011,63.06974267,50.85908767
877,98.00459364,43.47629252,68.12959861
878,2.80849921,33.81208596,81.1968347
879,91.03384748,49.28827966,32.08802683
880,41.33139158,4.719690622,51.45490786
881,95.16534532,76.50598375,87.68615331
882,71.60224676,14.3523675,12.58049325
883,48.79721463,51.51874957,14.61950273
884,82.8901273,43.83071181,5.716767713
885,86.85622644,36.7351062,49.58377697
886,80.14223536,97.61723407,48.1824592
887,60.40463516,22.56221846,15.84589956
888,85.39509941,87.62614219,78.46416189
889,32.57483866,9.400703342,61.61427198
890,40.34710336,93.10466102,72.33846558
891,83.78827495,99.56032677,41.62520637
892,36.19629703,16.24970614,11.71671992
893,87.85863217,87.51332365,46.87804039
894,95.50568915,15.43833547,52.69755807
895,70.1369819,77.82020421,63.34189837
896,73.72801052,86.06250994,85.22230686
897,44.2162487,3.519595117,24.07921533
898,41.13444195,85.12717286,35.46898032
899,68.20902326,82.97794131,58.84058624
900,72.18021023,40.65415006,82.04932763
901,67.69202878,77.70589676,32.1858925
902,82.3118089,34.34548842,82.14833904
903,40.5926726,38.12967869,35.32281031
904,43.01409414,32.06228274,45.95056359
905,56.67611475,42.50495265,55.17030289
906,30.71169385,41.08956319,47.34747107
907,2.795893567,15.34000112,17.39407008
908,34.50327584,44.3813761,69.26010786
909,28.9977688,36.18078092,94.55073719
910,88.82039932,36.58017905,30.20461948
911,43.94828134,69.08380989,45.33428254
912,64.10764354,35.48970509,98.20192413
913,57.71124626,52.62459684,58.42618927
914,82.85897553,80.46919792,99.97852709
915,45.25755702,39.4756039,99.36497558
916,53.41736837,94.64362348,36.0598992
917,32.7279281,15.97536168,21.0851359
918,32.20289811,58.82055692,1.181907005
919,20.76827121,93.56096578,47.26528759
920,54.33823044,21.7287067,54.79587169
921,96.39236263,40.0469871,32.85189171
922,26.98014748,76.86493174,96.45482998
923,90.50411823,2.301083374,54.63255239
924,8.56080455,10.90933757,19.87691909
925,36.34245054,84.5206938,37.53622154
926,75.1897079,44.22911089,30.31645944
927,54.25565307,86.98181538,8.246557349
928,18.52985824,19.31798612,88.49165368
929,44.55113898,38.34360139,4.739986583
930,38.1593037,93.05622607,62.4980031
931,68.99470037,16.60180176,91.22952073
932,70.7725042,46.79147519,88.10931259
933,30.5349335,47.9315107,80.99570048
934,20.38585386,17.14401102,98.01252393
935,49.39295278,21.53092129,67.43412597
936,63.55702039,57.5580775,83.14720591
937,44.20580293,3.331783172,13.04411555
938,77.23489246,23.59428085,72.12447403
939,22.42899565,20.85736126,37.0743789
940,69.54761536,71.33344054,99.38008259
941,96.70330615,56.72469356,19.66223149
942,42.42061203,31.46397605,85.34247986
943,79.87012769,32.53691577,92.24069972
944,72.62632393,26.10268925,79.66426172
945,83.66075223,44.26940441,19.12068508
946,11.13870447,67.99269813,8.615679412
947,62.72800299,23.07370578,59.66644206
948,27.32703231,84.76803802,57.35803333
949,19.25597322,69.19022609,84.13105346
950,59.69642834,11.47130095,21.15026238
951,10.02669242,94.90627268,49.49884491
952,68.61857716,1.880814985,61.39131871
953,45.53821596,89.269508,30.91581778
954,85.69127692,37.96243037,26.01073366
955,79.83615612,30.88056371,15.75291614
956,34.50422215,70.43139894,51.6476278
957,45.87025741,10.75591291,74.45434715
958,46.37762926,15.86003622,91.57177343
959,19.79426196,83.15797516,66.66523287
960,53.78573215,95.38918418,30.56718062
961,43.50173223,1.972953431,45.95901667
962,40.26705103,78.16418838,65.89463592
963,61.7865134,86.19888559,62.15464304
964,27.66828427,12.17894896,53.94641894
965,44.73501316,1.525273451,84.54746856
966,39.37539035,87.6601836,69.8843878
967,1.024657918,39.86688042,86.25513261
968,40.37415666,81.22317591,67.82112651
969,63.55677513,23.22075161,7.539900179
970,73.0650784,39.41113829,24.81079126
971,25.74701617,29.73367845,74.99405369
972,69.61535128,33.655414,81.4924004
973,73.93385316,71.91812993,21.45002866
974,25.9560447,31.87835907,34.89518406
975,60.10434409,47.54525294,14.5029152
976,62.33894727,43.71380215,56.9806741
977,67.19140823,60.80003352,33.9925866
978,44.35047759,78.52270505,3.67138298
979,57.56460883,79.04813963,48.24611348
980,77.02846056,47.76808227,28.01356421
981,40.01793157,99.82194925,9.214313667
982,83.38017218,1.465054577,6.601656159
983,12.29245963,96.41972295,10.83013429
984,68.85549685,12.14891884,14.7654335
985,18.23196636,64.87477872,64.97875574
986,42.56712478,45.45450599,3.664190915
987,87.3071399,35.02436893,99.35547059
988,49.97688361,25.04403521,57.21406357
989,88.9276515,86.86067032,92.70185595
990,9.649669355,84.98841015,53.55697358
991,75.45960039,83.74634517,46.40939514
992,27.67616994,52.3092929,78.73160501
993,63.35602991,23.13283417,90.27274229
994,62.5323678,26.7530775,42.64041099
995,65.44042391,52.87378595,22.07501757
996,69.91544617,7.035710523,55.236247
997,56.99165159,49.87602312,51.66691137
998,13.75799713,81.1844561,39.95971993
999,9.816362468,38.35739386,61.06565538
1000,17.29788613,30.34133673,20.79470833
